split,timestamp,year,max_peak_flux,log10_max_peak_flux,xrsb_max_timestamp,source_satellite,source_role,valid_count_24h,coverage_fraction_24h,previous_event_time,previous_event_flare_id,previous_event_class,previous_event_peak_flux,previous_event_delta_minutes,nearest_event_to_max_time,nearest_event_to_max_flare_id,nearest_event_to_max_class,nearest_event_to_max_peak_flux,nearest_event_to_max_delta_minutes,previous_flare_within_6h_before_window,near_max_event_outside_exact_window_within_6h
train,2010-08-18T06:00:00+00:00,2010,6.05761943007e-06,-5.2176980147,2010-08-18T06:00:00+00:00,14,primary,1294,0.89861111,2010-08-18T05:45:00+00:00,201008180439,C6.4,6.473e-06,-15,2010-08-18T05:45:00+00:00,201008180439,C6.4,6.473e-06,-15,true,true
train,2010-08-18T07:00:00+00:00,2010,3.06227798319e-06,-5.51395538807,2010-08-18T07:00:00+00:00,14,primary,1294,0.89861111,2010-08-18T05:45:00+00:00,201008180439,C6.4,6.473e-06,-75,2010-08-18T05:45:00+00:00,201008180439,C6.4,6.473e-06,-75,true,true
train,2010-08-18T08:00:00+00:00,2010,1.4179234995e-06,-5.84834719979,2010-08-18T08:00:00+00:00,14,primary,1294,0.89861111,2010-08-18T05:45:00+00:00,201008180439,C6.4,6.473e-06,-135,2010-08-18T05:45:00+00:00,201008180439,C6.4,6.473e-06,-135,true,true
train,2011-06-07T07:00:00+00:00,2011,1.75700206455e-05,-4.75522772819,2011-06-07T07:00:00+00:00,15,primary,1440,1.00000000,2011-06-07T06:41:00+00:00,201106070635,M3.6,3.648e-05,-19,2011-06-07T06:41:00+00:00,201106070635,M3.6,3.648e-05,-19,true,true
train,2011-06-07T08:00:00+00:00,2011,2.22817834583e-06,-5.6520500507,2011-06-07T08:00:00+00:00,15,primary,1440,1.00000000,2011-06-07T06:41:00+00:00,201106070635,M3.6,3.648e-05,-79,2011-06-07T06:41:00+00:00,201106070635,M3.6,3.648e-05,-79,true,true
train,2011-12-06T00:00:00+00:00,2011,1.29209524857e-06,-5.88870547055,2011-12-06T03:17:00+00:00,15,primary,1440,1.00000000,2011-12-05T23:25:00+00:00,201112052319,C9.9,9.977e-06,-35,2011-12-05T23:25:00+00:00,201112052319,C9.9,9.977e-06,-232,true,true
train,2011-12-15T07:00:00+00:00,2011,1.31394995151e-06,-5.88142117678,2011-12-15T07:00:00+00:00,15,primary,1432,0.99444444,2011-12-15T06:36:00+00:00,201112150622,C1.9,1.978e-06,-24,2011-12-15T06:36:00+00:00,201112150622,C1.9,1.978e-06,-24,true,true
train,2011-12-18T14:00:00+00:00,2011,1.01667967556e-06,-5.99281585834,2011-12-19T13:05:00+00:00,15,primary,1440,1.00000000,2011-12-18T13:38:00+00:00,201112181334,B7.6,7.646e-07,-22,2011-12-19T14:12:00+00:00,201112191403,C1.1,1.151e-06,67,true,true
validation,2012-01-28T16:00:00+00:00,2012,1.11368217404e-06,-5.95323873174,2012-01-29T06:04:00+00:00,15,primary,1440,1.00000000,2012-01-28T15:34:00+00:00,201201281525,C1.5,1.532e-06,-26,2012-01-28T15:34:00+00:00,201201281525,C1.5,1.532e-06,-870,true,false
validation,2012-01-28T17:00:00+00:00,2012,1.11368217404e-06,-5.95323873174,2012-01-29T06:04:00+00:00,15,primary,1440,1.00000000,2012-01-28T15:34:00+00:00,201201281525,C1.5,1.532e-06,-86,2012-01-28T15:34:00+00:00,201201281525,C1.5,1.532e-06,-870,true,false
validation,2012-01-28T18:00:00+00:00,2012,1.11368217404e-06,-5.95323873174,2012-01-29T06:04:00+00:00,15,primary,1440,1.00000000,2012-01-28T15:34:00+00:00,201201281525,C1.5,1.532e-06,-146,2012-01-28T15:34:00+00:00,201201281525,C1.5,1.532e-06,-870,true,false
validation,2012-01-28T19:00:00+00:00,2012,1.11368217404e-06,-5.95323873174,2012-01-29T06:04:00+00:00,15,primary,1440,1.00000000,2012-01-28T15:34:00+00:00,201201281525,C1.5,1.532e-06,-206,2012-01-28T15:34:00+00:00,201201281525,C1.5,1.532e-06,-870,true,false
validation,2012-01-28T20:00:00+00:00,2012,1.11368217404e-06,-5.95323873174,2012-01-29T06:04:00+00:00,15,primary,1440,1.00000000,2012-01-28T15:34:00+00:00,201201281525,C1.5,1.532e-06,-266,2012-01-28T15:34:00+00:00,201201281525,C1.5,1.532e-06,-870,true,false
validation,2012-01-28T21:00:00+00:00,2012,1.11368217404e-06,-5.95323873174,2012-01-29T06:04:00+00:00,15,primary,1440,1.00000000,2012-01-28T15:34:00+00:00,201201281525,C1.5,1.532e-06,-326,2012-01-28T15:34:00+00:00,201201281525,C1.5,1.532e-06,-870,true,false
validation,2012-01-28T22:00:00+00:00,2012,1.11368217404e-06,-5.95323873174,2012-01-29T06:04:00+00:00,15,primary,1440,1.00000000,2012-01-28T15:34:00+00:00,201201281525,C1.5,1.532e-06,-386,2012-01-28T15:34:00+00:00,201201281525,C1.5,1.532e-06,-870,false,false
validation,2012-01-28T23:00:00+00:00,2012,1.11368217404e-06,-5.95323873174,2012-01-29T06:04:00+00:00,15,primary,1440,1.00000000,2012-01-28T15:34:00+00:00,201201281525,C1.5,1.532e-06,-446,2012-01-28T15:34:00+00:00,201201281525,C1.5,1.532e-06,-870,false,false
validation,2012-01-29T00:00:00+00:00,2012,1.11368217404e-06,-5.95323873174,2012-01-29T06:04:00+00:00,15,primary,1440,1.00000000,2012-01-28T15:34:00+00:00,201201281525,C1.5,1.532e-06,-506,2012-01-28T15:34:00+00:00,201201281525,C1.5,1.532e-06,-870,false,false
train,2012-09-21T20:00:00+00:00,2012,1.19150979572e-06,-5.92390238285,2012-09-22T19:59:00+00:00,15,primary,1357,0.94236111,2012-09-21T19:32:00+00:00,201209211926,B6.8,6.864e-07,-28,2012-09-23T07:25:00+00:00,201209230709,C1.1,1.103e-06,686,true,false
train,2012-09-21T21:00:00+00:00,2012,1.31893932576e-06,-5.87977518254,2012-09-22T20:10:00+00:00,15,primary,1357,0.94236111,2012-09-21T19:32:00+00:00,201209211926,B6.8,6.864e-07,-88,2012-09-23T07:25:00+00:00,201209230709,C1.1,1.103e-06,675,true,false
train,2012-09-21T22:00:00+00:00,2012,1.31893932576e-06,-5.87977518254,2012-09-22T20:10:00+00:00,15,primary,1357,0.94236111,2012-09-21T19:32:00+00:00,201209211926,B6.8,6.864e-07,-148,2012-09-23T07:25:00+00:00,201209230709,C1.1,1.103e-06,675,true,false
train,2012-09-21T23:00:00+00:00,2012,1.31893932576e-06,-5.87977518254,2012-09-22T20:10:00+00:00,15,primary,1357,0.94236111,2012-09-21T19:32:00+00:00,201209211926,B6.8,6.864e-07,-208,2012-09-23T07:25:00+00:00,201209230709,C1.1,1.103e-06,675,true,false
train,2012-09-22T00:00:00+00:00,2012,1.31893932576e-06,-5.87977518254,2012-09-22T20:10:00+00:00,15,primary,1357,0.94236111,2012-09-21T19:32:00+00:00,201209211926,B6.8,6.864e-07,-268,2012-09-23T07:25:00+00:00,201209230709,C1.1,1.103e-06,675,true,false
train,2012-09-22T01:00:00+00:00,2012,1.31893932576e-06,-5.87977518254,2012-09-22T20:10:00+00:00,15,primary,1357,0.94236111,2012-09-21T19:32:00+00:00,201209211926,B6.8,6.864e-07,-328,2012-09-23T07:25:00+00:00,201209230709,C1.1,1.103e-06,675,true,false
train,2012-09-22T02:00:00+00:00,2012,1.31893932576e-06,-5.87977518254,2012-09-22T20:10:00+00:00,15,primary,1357,0.94236111,2012-09-21T19:32:00+00:00,201209211926,B6.8,6.864e-07,-388,2012-09-23T07:25:00+00:00,201209230709,C1.1,1.103e-06,675,false,false
train,2012-09-22T03:00:00+00:00,2012,1.31893932576e-06,-5.87977518254,2012-09-22T20:10:00+00:00,15,primary,1357,0.94236111,2012-09-21T19:32:00+00:00,201209211926,B6.8,6.864e-07,-448,2012-09-23T07:25:00+00:00,201209230709,C1.1,1.103e-06,675,false,false
train,2012-09-22T04:00:00+00:00,2012,1.31893932576e-06,-5.87977518254,2012-09-22T20:10:00+00:00,15,primary,1357,0.94236111,2012-09-21T19:32:00+00:00,201209211926,B6.8,6.864e-07,-508,2012-09-23T07:25:00+00:00,201209230709,C1.1,1.103e-06,675,false,false
train,2012-09-22T05:00:00+00:00,2012,1.31893932576e-06,-5.87977518254,2012-09-22T20:10:00+00:00,15,primary,1357,0.94236111,2012-09-21T19:32:00+00:00,201209211926,B6.8,6.864e-07,-568,2012-09-23T07:25:00+00:00,201209230709,C1.1,1.103e-06,675,false,false
train,2012-09-22T06:00:00+00:00,2012,1.31893932576e-06,-5.87977518254,2012-09-22T20:10:00+00:00,15,primary,1357,0.94236111,2012-09-21T19:32:00+00:00,201209211926,B6.8,6.864e-07,-628,2012-09-23T07:25:00+00:00,201209230709,C1.1,1.103e-06,675,false,false
train,2012-09-22T07:00:00+00:00,2012,1.31893932576e-06,-5.87977518254,2012-09-22T20:10:00+00:00,15,primary,1357,0.94236111,2012-09-21T19:32:00+00:00,201209211926,B6.8,6.864e-07,-688,2012-09-23T07:25:00+00:00,201209230709,C1.1,1.103e-06,675,false,false
train,2012-10-04T17:00:00+00:00,2012,1.11652036594e-06,-5.95213335075,2012-10-05T07:18:00+00:00,15,primary,1360,0.94444444,2012-10-04T16:36:00+00:00,201210041628,B4.9,4.980e-07,-24,2012-10-05T21:28:00+00:00,201210052121,B4.2,4.219e-07,850,true,false
train,2012-10-04T18:00:00+00:00,2012,1.11652036594e-06,-5.95213335075,2012-10-05T07:18:00+00:00,15,primary,1360,0.94444444,2012-10-04T16:36:00+00:00,201210041628,B4.9,4.980e-07,-84,2012-10-05T21:28:00+00:00,201210052121,B4.2,4.219e-07,850,true,false
train,2012-10-04T19:00:00+00:00,2012,1.11652036594e-06,-5.95213335075,2012-10-05T07:18:00+00:00,15,primary,1360,0.94444444,2012-10-04T16:36:00+00:00,201210041628,B4.9,4.980e-07,-144,2012-10-05T21:28:00+00:00,201210052121,B4.2,4.219e-07,850,true,false
train,2012-10-04T20:00:00+00:00,2012,1.11652036594e-06,-5.95213335075,2012-10-05T07:18:00+00:00,15,primary,1360,0.94444444,2012-10-04T16:36:00+00:00,201210041628,B4.9,4.980e-07,-204,2012-10-05T21:28:00+00:00,201210052121,B4.2,4.219e-07,850,true,false
train,2012-10-04T21:00:00+00:00,2012,1.11652036594e-06,-5.95213335075,2012-10-05T07:18:00+00:00,15,primary,1368,0.95000000,2012-10-04T16:36:00+00:00,201210041628,B4.9,4.980e-07,-264,2012-10-05T21:28:00+00:00,201210052121,B4.2,4.219e-07,850,true,false
train,2012-10-12T20:00:00+00:00,2012,1.1724413298e-06,-5.93090888062,2012-10-13T12:58:00+00:00,15,primary,1391,0.96597222,2012-10-12T19:49:00+00:00,201210121938,C1.5,1.542e-06,-11,2012-10-14T00:00:00+00:00,201210132341,C2.1,2.198e-06,662,true,false
train,2012-10-12T21:00:00+00:00,2012,1.1724413298e-06,-5.93090888062,2012-10-13T12:58:00+00:00,15,primary,1391,0.96597222,2012-10-12T19:49:00+00:00,201210121938,C1.5,1.542e-06,-71,2012-10-14T00:00:00+00:00,201210132341,C2.1,2.198e-06,662,true,false
train,2012-10-12T22:00:00+00:00,2012,1.1724413298e-06,-5.93090888062,2012-10-13T12:58:00+00:00,15,primary,1393,0.96736111,2012-10-12T19:49:00+00:00,201210121938,C1.5,1.542e-06,-131,2012-10-14T00:00:00+00:00,201210132341,C2.1,2.198e-06,662,true,false
train,2012-10-12T23:00:00+00:00,2012,1.1724413298e-06,-5.93090888062,2012-10-13T12:58:00+00:00,15,primary,1393,0.96736111,2012-10-12T19:49:00+00:00,201210121938,C1.5,1.542e-06,-191,2012-10-14T00:00:00+00:00,201210132341,C2.1,2.198e-06,662,true,false
train,2012-10-13T00:00:00+00:00,2012,2.18795798901e-06,-5.65996102115,2012-10-13T23:59:00+00:00,15,primary,1393,0.96736111,2012-10-12T19:49:00+00:00,201210121938,C1.5,1.542e-06,-251,2012-10-14T00:00:00+00:00,201210132341,C2.1,2.198e-06,1,true,true
train,2013-02-24T21:00:00+00:00,2013,1.25919939364e-06,-5.89990549412,2013-02-25T11:50:00+00:00,15,primary,1408,0.97777778,2013-02-24T20:20:00+00:00,201302242013,C1.3,1.390e-06,-40,2013-02-24T20:20:00+00:00,201302242013,C1.3,1.390e-06,-930,true,false
train,2013-02-24T22:00:00+00:00,2013,1.25919939364e-06,-5.89990549412,2013-02-25T11:50:00+00:00,15,primary,1408,0.97777778,2013-02-24T20:20:00+00:00,201302242013,C1.3,1.390e-06,-100,2013-02-24T20:20:00+00:00,201302242013,C1.3,1.390e-06,-930,true,false
train,2013-02-24T23:00:00+00:00,2013,1.25919939364e-06,-5.89990549412,2013-02-25T11:50:00+00:00,15,primary,1408,0.97777778,2013-02-24T20:20:00+00:00,201302242013,C1.3,1.390e-06,-160,2013-02-24T20:20:00+00:00,201302242013,C1.3,1.390e-06,-930,true,false
train,2013-02-25T00:00:00+00:00,2013,1.25919939364e-06,-5.89990549412,2013-02-25T11:50:00+00:00,15,primary,1408,0.97777778,2013-02-24T20:20:00+00:00,201302242013,C1.3,1.390e-06,-220,2013-02-24T20:20:00+00:00,201302242013,C1.3,1.390e-06,-930,true,false
train,2013-02-25T01:00:00+00:00,2013,1.25919939364e-06,-5.89990549412,2013-02-25T11:50:00+00:00,15,primary,1408,0.97777778,2013-02-24T20:20:00+00:00,201302242013,C1.3,1.390e-06,-280,2013-02-24T20:20:00+00:00,201302242013,C1.3,1.390e-06,-930,true,false
train,2013-02-25T02:00:00+00:00,2013,1.25919939364e-06,-5.89990549412,2013-02-25T11:50:00+00:00,15,primary,1408,0.97777778,2013-02-24T20:20:00+00:00,201302242013,C1.3,1.390e-06,-340,2013-02-24T20:20:00+00:00,201302242013,C1.3,1.390e-06,-930,true,false
train,2013-02-25T03:00:00+00:00,2013,1.25919939364e-06,-5.89990549412,2013-02-25T11:50:00+00:00,15,primary,1408,0.97777778,2013-02-24T20:20:00+00:00,201302242013,C1.3,1.390e-06,-400,2013-02-24T20:20:00+00:00,201302242013,C1.3,1.390e-06,-930,false,false
train,2013-08-24T03:00:00+00:00,2013,1.06202980987e-06,-5.97386329297,2013-08-25T02:01:00+00:00,15,primary,1440,1.00000000,2013-08-24T02:29:00+00:00,201308240220,B9.4,9.492e-07,-31,2013-08-25T06:08:00+00:00,201308250559,C1.0,1.003e-06,247,true,true
train,2013-08-24T04:00:00+00:00,2013,1.06202980987e-06,-5.97386329297,2013-08-25T02:01:00+00:00,15,primary,1440,1.00000000,2013-08-24T02:29:00+00:00,201308240220,B9.4,9.492e-07,-91,2013-08-25T06:08:00+00:00,201308250559,C1.0,1.003e-06,247,true,true
train,2013-08-24T05:00:00+00:00,2013,1.06202980987e-06,-5.97386329297,2013-08-25T02:01:00+00:00,15,primary,1440,1.00000000,2013-08-24T02:29:00+00:00,201308240220,B9.4,9.492e-07,-151,2013-08-25T06:08:00+00:00,201308250559,C1.0,1.003e-06,247,true,true
train,2013-08-24T06:00:00+00:00,2013,1.06202980987e-06,-5.97386329297,2013-08-25T02:01:00+00:00,15,primary,1440,1.00000000,2013-08-24T02:29:00+00:00,201308240220,B9.4,9.492e-07,-211,2013-08-25T06:08:00+00:00,201308250559,C1.0,1.003e-06,247,true,true
train,2013-11-27T00:00:00+00:00,2013,2.05530704989e-06,-5.68712328809,2013-11-27T15:39:00+00:00,15,primary,1440,1.00000000,2013-11-26T23:07:00+00:00,201311262300,B9.6,9.697e-07,-53,2013-11-26T23:07:00+00:00,201311262300,B9.6,9.697e-07,-992,true,false
train,2013-11-27T01:00:00+00:00,2013,2.05530704989e-06,-5.68712328809,2013-11-27T15:39:00+00:00,15,primary,1440,1.00000000,2013-11-26T23:07:00+00:00,201311262300,B9.6,9.697e-07,-113,2013-11-26T23:07:00+00:00,201311262300,B9.6,9.697e-07,-992,true,false
train,2013-11-27T02:00:00+00:00,2013,2.05530704989e-06,-5.68712328809,2013-11-27T15:39:00+00:00,15,primary,1440,1.00000000,2013-11-26T23:07:00+00:00,201311262300,B9.6,9.697e-07,-173,2013-11-26T23:07:00+00:00,201311262300,B9.6,9.697e-07,-992,true,false
train,2013-11-27T03:00:00+00:00,2013,2.05530704989e-06,-5.68712328809,2013-11-27T15:39:00+00:00,15,primary,1440,1.00000000,2013-11-26T23:07:00+00:00,201311262300,B9.6,9.697e-07,-233,2013-11-26T23:07:00+00:00,201311262300,B9.6,9.697e-07,-992,true,false
train,2013-11-27T04:00:00+00:00,2013,2.05530704989e-06,-5.68712328809,2013-11-27T15:39:00+00:00,15,primary,1440,1.00000000,2013-11-26T23:07:00+00:00,201311262300,B9.6,9.697e-07,-293,2013-11-26T23:07:00+00:00,201311262300,B9.6,9.697e-07,-992,true,false
train,2013-11-27T05:00:00+00:00,2013,2.05530704989e-06,-5.68712328809,2013-11-27T15:39:00+00:00,15,primary,1440,1.00000000,2013-11-26T23:07:00+00:00,201311262300,B9.6,9.697e-07,-353,2013-11-26T23:07:00+00:00,201311262300,B9.6,9.697e-07,-992,true,false
train,2013-11-27T06:00:00+00:00,2013,2.05530704989e-06,-5.68712328809,2013-11-27T15:39:00+00:00,15,primary,1440,1.00000000,2013-11-26T23:07:00+00:00,201311262300,B9.6,9.697e-07,-413,2013-11-26T23:07:00+00:00,201311262300,B9.6,9.697e-07,-992,false,false
train,2013-11-27T07:00:00+00:00,2013,2.05530704989e-06,-5.68712328809,2013-11-27T15:39:00+00:00,15,primary,1440,1.00000000,2013-11-26T23:07:00+00:00,201311262300,B9.6,9.697e-07,-473,2013-11-26T23:07:00+00:00,201311262300,B9.6,9.697e-07,-992,false,false
train,2013-11-27T08:00:00+00:00,2013,2.05530704989e-06,-5.68712328809,2013-11-27T15:39:00+00:00,15,primary,1440,1.00000000,2013-11-26T23:07:00+00:00,201311262300,B9.6,9.697e-07,-533,2013-11-26T23:07:00+00:00,201311262300,B9.6,9.697e-07,-992,false,false
train,2013-11-27T09:00:00+00:00,2013,2.05530704989e-06,-5.68712328809,2013-11-27T15:39:00+00:00,15,primary,1440,1.00000000,2013-11-26T23:07:00+00:00,201311262300,B9.6,9.697e-07,-593,2013-11-26T23:07:00+00:00,201311262300,B9.6,9.697e-07,-992,false,false
leaky_validation,2014-01-14T20:00:00+00:00,2014,1.30895909933e-06,-5.88307392351,2014-01-15T07:12:00+00:00,15,primary,1440,1.00000000,2014-01-14T19:36:00+00:00,201401141926,C1.7,1.732e-06,-24,2014-01-14T19:36:00+00:00,201401141926,C1.7,1.732e-06,-696,true,false
leaky_validation,2014-01-14T21:00:00+00:00,2014,1.30895909933e-06,-5.88307392351,2014-01-15T07:12:00+00:00,15,primary,1440,1.00000000,2014-01-14T19:36:00+00:00,201401141926,C1.7,1.732e-06,-84,2014-01-14T19:36:00+00:00,201401141926,C1.7,1.732e-06,-696,true,false
leaky_validation,2014-01-14T22:00:00+00:00,2014,1.30895909933e-06,-5.88307392351,2014-01-15T07:12:00+00:00,15,primary,1440,1.00000000,2014-01-14T19:36:00+00:00,201401141926,C1.7,1.732e-06,-144,2014-01-14T19:36:00+00:00,201401141926,C1.7,1.732e-06,-696,true,false
leaky_validation,2014-01-14T23:00:00+00:00,2014,1.30895909933e-06,-5.88307392351,2014-01-15T07:12:00+00:00,15,primary,1440,1.00000000,2014-01-14T19:36:00+00:00,201401141926,C1.7,1.732e-06,-204,2014-01-14T19:36:00+00:00,201401141926,C1.7,1.732e-06,-696,true,false
validation,2014-01-15T00:00:00+00:00,2014,1.30895909933e-06,-5.88307392351,2014-01-15T07:12:00+00:00,15,primary,1440,1.00000000,2014-01-14T19:36:00+00:00,201401141926,C1.7,1.732e-06,-264,2014-01-14T19:36:00+00:00,201401141926,C1.7,1.732e-06,-696,true,false
validation,2014-01-15T01:00:00+00:00,2014,1.30895909933e-06,-5.88307392351,2014-01-15T07:12:00+00:00,15,primary,1440,1.00000000,2014-01-14T19:36:00+00:00,201401141926,C1.7,1.732e-06,-324,2014-01-14T19:36:00+00:00,201401141926,C1.7,1.732e-06,-696,true,false
validation,2014-01-15T02:00:00+00:00,2014,1.30895909933e-06,-5.88307392351,2014-01-15T07:12:00+00:00,15,primary,1440,1.00000000,2014-01-14T19:36:00+00:00,201401141926,C1.7,1.732e-06,-384,2014-01-14T19:36:00+00:00,201401141926,C1.7,1.732e-06,-696,false,false
validation,2014-01-15T03:00:00+00:00,2014,1.30895909933e-06,-5.88307392351,2014-01-15T07:12:00+00:00,15,primary,1440,1.00000000,2014-01-14T19:36:00+00:00,201401141926,C1.7,1.732e-06,-444,2014-01-14T19:36:00+00:00,201401141926,C1.7,1.732e-06,-696,false,false
validation,2014-01-15T04:00:00+00:00,2014,1.30895909933e-06,-5.88307392351,2014-01-15T07:12:00+00:00,15,primary,1440,1.00000000,2014-01-14T19:36:00+00:00,201401141926,C1.7,1.732e-06,-504,2014-01-14T19:36:00+00:00,201401141926,C1.7,1.732e-06,-696,false,false
validation,2014-01-15T05:00:00+00:00,2014,1.30895909933e-06,-5.88307392351,2014-01-15T07:12:00+00:00,15,primary,1440,1.00000000,2014-01-14T19:36:00+00:00,201401141926,C1.7,1.732e-06,-564,2014-01-14T19:36:00+00:00,201401141926,C1.7,1.732e-06,-696,false,false
train,2014-04-07T18:00:00+00:00,2014,2.42237229031e-06,-5.61575911008,2014-04-07T21:24:00+00:00,15,primary,1388,0.96388889,2014-04-07T17:14:00+00:00,201404071701,C1.3,1.353e-06,-46,2014-04-07T17:14:00+00:00,201404071701,C1.3,1.353e-06,-250,true,true
train,2014-05-18T09:00:00+00:00,2014,3.06550987261e-06,-5.51349728087,2014-05-18T09:00:00+00:00,15,primary,1440,1.00000000,2014-05-18T08:28:00+00:00,201405180813,C4.3,4.334e-06,-32,2014-05-18T08:28:00+00:00,201405180813,C4.3,4.334e-06,-32,true,true
train,2014-05-18T10:00:00+00:00,2014,1.50414484779e-06,-5.82271033956,2014-05-18T10:00:00+00:00,15,primary,1440,1.00000000,2014-05-18T08:28:00+00:00,201405180813,C4.3,4.334e-06,-92,2014-05-18T08:28:00+00:00,201405180813,C4.3,4.334e-06,-92,true,true
train,2014-05-18T11:00:00+00:00,2014,1.32633101657e-06,-5.87734807417,2014-05-18T11:06:00+00:00,15,primary,1440,1.00000000,2014-05-18T08:28:00+00:00,201405180813,C4.3,4.334e-06,-152,2014-05-18T08:28:00+00:00,201405180813,C4.3,4.334e-06,-158,true,true
train,2014-05-18T12:00:00+00:00,2014,1.1800879065e-06,-5.92808564025,2014-05-18T16:54:00+00:00,15,primary,1440,1.00000000,2014-05-18T08:28:00+00:00,201405180813,C4.3,4.334e-06,-212,2014-05-18T08:28:00+00:00,201405180813,C4.3,4.334e-06,-506,true,false
train,2014-05-18T13:00:00+00:00,2014,1.1800879065e-06,-5.92808564025,2014-05-18T16:54:00+00:00,15,primary,1440,1.00000000,2014-05-18T08:28:00+00:00,201405180813,C4.3,4.334e-06,-272,2014-05-18T08:28:00+00:00,201405180813,C4.3,4.334e-06,-506,true,false
train,2014-05-18T14:00:00+00:00,2014,1.1800879065e-06,-5.92808564025,2014-05-18T16:54:00+00:00,15,primary,1440,1.00000000,2014-05-18T08:28:00+00:00,201405180813,C4.3,4.334e-06,-332,2014-05-18T08:28:00+00:00,201405180813,C4.3,4.334e-06,-506,true,false
train,2014-05-18T15:00:00+00:00,2014,1.1800879065e-06,-5.92808564025,2014-05-18T16:54:00+00:00,15,primary,1440,1.00000000,2014-05-18T08:28:00+00:00,201405180813,C4.3,4.334e-06,-392,2014-05-18T08:28:00+00:00,201405180813,C4.3,4.334e-06,-506,false,false
train,2014-05-18T16:00:00+00:00,2014,1.1800879065e-06,-5.92808564025,2014-05-18T16:54:00+00:00,15,primary,1440,1.00000000,2014-05-18T08:28:00+00:00,201405180813,C4.3,4.334e-06,-452,2014-05-18T08:28:00+00:00,201405180813,C4.3,4.334e-06,-506,false,false
train,2014-05-18T17:00:00+00:00,2014,1.08080735117e-06,-5.9662517101,2014-05-18T17:00:00+00:00,15,primary,1440,1.00000000,2014-05-18T08:28:00+00:00,201405180813,C4.3,4.334e-06,-512,2014-05-18T08:28:00+00:00,201405180813,C4.3,4.334e-06,-512,false,false
train,2014-05-18T21:00:00+00:00,2014,1.63381480434e-06,-5.78679717302,2014-05-19T20:59:00+00:00,15,primary,1440,1.00000000,2014-05-18T08:28:00+00:00,201405180813,C4.3,4.334e-06,-752,2014-05-19T21:04:00+00:00,201405192039,C1.7,1.777e-06,5,false,true
train,2014-06-26T10:00:00+00:00,2014,2.37817198467e-06,-5.62375674127,2014-06-27T00:59:00+00:00,15,primary,1432,0.99444444,2014-06-26T09:18:00+00:00,201406260859,C3.2,3.244e-06,-42,2014-06-27T15:59:00+00:00,201406271552,B8.6,8.630e-07,900,true,false
train,2014-06-26T11:00:00+00:00,2014,2.37817198467e-06,-5.62375674127,2014-06-27T00:59:00+00:00,15,primary,1432,0.99444444,2014-06-26T09:18:00+00:00,201406260859,C3.2,3.244e-06,-102,2014-06-27T15:59:00+00:00,201406271552,B8.6,8.630e-07,900,true,false
train,2014-06-26T12:00:00+00:00,2014,2.37817198467e-06,-5.62375674127,2014-06-27T00:59:00+00:00,15,primary,1432,0.99444444,2014-06-26T09:18:00+00:00,201406260859,C3.2,3.244e-06,-162,2014-06-27T15:59:00+00:00,201406271552,B8.6,8.630e-07,900,true,false
train,2014-06-26T13:00:00+00:00,2014,2.37817198467e-06,-5.62375674127,2014-06-27T00:59:00+00:00,15,primary,1432,0.99444444,2014-06-26T09:18:00+00:00,201406260859,C3.2,3.244e-06,-222,2014-06-27T15:59:00+00:00,201406271552,B8.6,8.630e-07,900,true,false
train,2014-06-26T14:00:00+00:00,2014,2.37817198467e-06,-5.62375674127,2014-06-27T00:59:00+00:00,15,primary,1432,0.99444444,2014-06-26T09:18:00+00:00,201406260859,C3.2,3.244e-06,-282,2014-06-27T15:59:00+00:00,201406271552,B8.6,8.630e-07,900,true,false
train,2014-06-26T15:00:00+00:00,2014,2.37817198467e-06,-5.62375674127,2014-06-27T00:59:00+00:00,15,primary,1432,0.99444444,2014-06-26T09:18:00+00:00,201406260859,C3.2,3.244e-06,-342,2014-06-27T15:59:00+00:00,201406271552,B8.6,8.630e-07,900,true,false
train,2014-10-14T19:00:00+00:00,2014,3.27133311657e-05,-4.48527522985,2014-10-14T21:21:00+00:00,15,primary,1400,0.97222222,2014-10-14T18:37:00+00:00,201410141808,M1.5,1.583e-05,-23,2014-10-14T18:37:00+00:00,201410141808,M1.5,1.583e-05,-164,true,true
train,2014-10-14T20:00:00+00:00,2014,3.27133311657e-05,-4.48527522985,2014-10-14T21:21:00+00:00,15,primary,1400,0.97222222,2014-10-14T18:37:00+00:00,201410141808,M1.5,1.583e-05,-83,2014-10-14T18:37:00+00:00,201410141808,M1.5,1.583e-05,-164,true,true
train,2014-10-14T21:00:00+00:00,2014,3.27133311657e-05,-4.48527522985,2014-10-14T21:21:00+00:00,15,primary,1400,0.97222222,2014-10-14T18:37:00+00:00,201410141808,M1.5,1.583e-05,-143,2014-10-14T18:37:00+00:00,201410141808,M1.5,1.583e-05,-164,true,true
train,2014-10-14T22:00:00+00:00,2014,3.06134788843e-05,-4.51408731482,2014-10-14T22:00:00+00:00,15,primary,1400,0.97222222,2014-10-14T18:37:00+00:00,201410141808,M1.5,1.583e-05,-203,2014-10-14T18:37:00+00:00,201410141808,M1.5,1.583e-05,-203,true,true
train,2014-10-14T23:00:00+00:00,2014,2.50402717938e-05,-4.60136096149,2014-10-14T23:00:00+00:00,15,primary,1400,0.97222222,2014-10-14T18:37:00+00:00,201410141808,M1.5,1.583e-05,-263,2014-10-14T18:37:00+00:00,201410141808,M1.5,1.583e-05,-263,true,true
train,2014-10-15T00:00:00+00:00,2014,1.96431083168e-05,-4.70678978854,2014-10-15T00:00:00+00:00,15,primary,1400,0.97222222,2014-10-14T18:37:00+00:00,201410141808,M1.5,1.583e-05,-323,2014-10-14T18:37:00+00:00,201410141808,M1.5,1.583e-05,-323,true,true
train,2014-10-15T01:00:00+00:00,2014,1.57487156685e-05,-4.8027548578,2014-10-15T01:00:00+00:00,15,primary,1400,0.97222222,2014-10-14T18:37:00+00:00,201410141808,M1.5,1.583e-05,-383,2014-10-14T18:37:00+00:00,201410141808,M1.5,1.583e-05,-383,false,false
train,2014-10-15T02:00:00+00:00,2014,1.26556615214e-05,-4.897715149,2014-10-15T02:00:00+00:00,15,primary,1400,0.97222222,2014-10-14T18:37:00+00:00,201410141808,M1.5,1.583e-05,-443,2014-10-14T18:37:00+00:00,201410141808,M1.5,1.583e-05,-443,false,false
train,2014-10-15T03:00:00+00:00,2014,1.01939367596e-05,-4.99165806498,2014-10-15T03:00:00+00:00,15,primary,1400,0.97222222,2014-10-14T18:37:00+00:00,201410141808,M1.5,1.583e-05,-503,2014-10-14T18:37:00+00:00,201410141808,M1.5,1.583e-05,-503,false,false
train,2014-11-13T01:00:00+00:00,2014,2.02594014809e-06,-5.69337338905,2014-11-14T00:42:00+00:00,15,primary,60,0.04166667,2014-11-12T23:13:00+00:00,201411122306,C2.1,2.176e-06,-107,2014-11-14T01:58:00+00:00,201411140150,C2.2,2.221e-06,76,true,true
train,2014-11-16T23:00:00+00:00,2014,1.49680545292e-06,-5.82483464335,2014-11-16T23:00:00+00:00,15,primary,60,0.04166667,2014-11-16T22:06:00+00:00,201411162159,C3.5,3.521e-06,-54,2014-11-16T22:06:00+00:00,201411162159,C3.5,3.521e-06,-54,true,true
train,2014-11-17T01:00:00+00:00,2014,1.1119109331e-06,-5.95392999946,2014-11-18T00:59:00+00:00,15,primary,60,0.04166667,2014-11-16T22:06:00+00:00,201411162159,C3.5,3.521e-06,-174,2014-11-18T06:04:00+00:00,201411180559,C1.5,1.507e-06,305,true,true
train,2014-11-17T02:00:00+00:00,2014,1.19748676752e-06,-5.92172927693,2014-11-18T01:38:00+00:00,15,primary,120,0.08333333,2014-11-16T22:06:00+00:00,201411162159,C3.5,3.521e-06,-234,2014-11-18T06:04:00+00:00,201411180559,C1.5,1.507e-06,266,true,true
train,2014-11-17T03:00:00+00:00,2014,1.19748676752e-06,-5.92172927693,2014-11-18T01:38:00+00:00,15,primary,180,0.12500000,2014-11-16T22:06:00+00:00,201411162159,C3.5,3.521e-06,-294,2014-11-18T06:04:00+00:00,201411180559,C1.5,1.507e-06,266,true,true
train,2014-11-17T04:00:00+00:00,2014,1.27483474444e-06,-5.89454610874,2014-11-18T03:59:00+00:00,15,primary,240,0.16666667,2014-11-16T22:06:00+00:00,201411162159,C3.5,3.521e-06,-354,2014-11-18T06:04:00+00:00,201411180559,C1.5,1.507e-06,125,true,true
train,2014-11-17T05:00:00+00:00,2014,1.27483474444e-06,-5.89454610874,2014-11-18T03:59:00+00:00,15,primary,300,0.20833333,2014-11-16T22:06:00+00:00,201411162159,C3.5,3.521e-06,-414,2014-11-18T06:04:00+00:00,201411180559,C1.5,1.507e-06,125,false,true
train,2014-11-17T06:00:00+00:00,2014,1.27483474444e-06,-5.89454610874,2014-11-18T03:59:00+00:00,15,primary,360,0.25000000,2014-11-16T22:06:00+00:00,201411162159,C3.5,3.521e-06,-474,2014-11-18T06:04:00+00:00,201411180559,C1.5,1.507e-06,125,false,true
validation,2015-01-16T04:00:00+00:00,2015,1.50883772676e-06,-5.82135746543,2015-01-16T04:00:00+00:00,15,primary,1435,0.99652778,2015-01-16T03:30:00+00:00,201501160314,C2.6,2.630e-06,-30,2015-01-16T03:30:00+00:00,201501160314,C2.6,2.630e-06,-30,true,true
train,2015-02-15T16:00:00+00:00,2015,1.21327605029e-06,-5.91604037516,2015-02-16T15:59:00+00:00,13,primary,1440,1.00000000,2015-02-15T09:07:00+00:00,201502150859,B8.4,8.419e-07,-413,2015-02-16T16:00:00+00:00,201502161545,C1.2,1.216e-06,1,false,true
train,2015-03-21T09:00:00+00:00,2015,2.05635183192e-06,-5.68690257762,2015-03-21T09:01:00+00:00,13,primary,1355,0.94097222,2015-03-21T08:11:00+00:00,201503210730,C2.5,2.582e-06,-49,2015-03-21T08:11:00+00:00,201503210730,C2.5,2.582e-06,-50,true,true
train,2015-03-21T10:00:00+00:00,2015,1.3726950101e-06,-5.86242594502,2015-03-21T10:00:00+00:00,13,primary,1355,0.94097222,2015-03-21T08:11:00+00:00,201503210730,C2.5,2.582e-06,-109,2015-03-21T08:11:00+00:00,201503210730,C2.5,2.582e-06,-109,true,true
train,2015-10-21T20:00:00+00:00,2015,6.37738548903e-06,-5.19535733075,2015-10-22T03:42:00+00:00,15,primary,1440,1.00000000,2015-10-21T19:37:00+00:00,201510211929,C2.0,2.083e-06,-23,2015-10-21T19:37:00+00:00,201510211929,C2.0,2.083e-06,-485,true,false
train,2015-10-21T21:00:00+00:00,2015,6.37738548903e-06,-5.19535733075,2015-10-22T03:42:00+00:00,15,primary,1432,0.99444444,2015-10-21T19:37:00+00:00,201510211929,C2.0,2.083e-06,-83,2015-10-21T19:37:00+00:00,201510211929,C2.0,2.083e-06,-485,true,false
train,2015-10-21T22:00:00+00:00,2015,6.37738548903e-06,-5.19535733075,2015-10-22T03:42:00+00:00,15,primary,1432,0.99444444,2015-10-21T19:37:00+00:00,201510211929,C2.0,2.083e-06,-143,2015-10-21T19:37:00+00:00,201510211929,C2.0,2.083e-06,-485,true,false
train,2015-10-21T23:00:00+00:00,2015,6.37738548903e-06,-5.19535733075,2015-10-22T03:42:00+00:00,15,primary,1432,0.99444444,2015-10-21T19:37:00+00:00,201510211929,C2.0,2.083e-06,-203,2015-10-21T19:37:00+00:00,201510211929,C2.0,2.083e-06,-485,true,false
train,2015-10-22T00:00:00+00:00,2015,6.37738548903e-06,-5.19535733075,2015-10-22T03:42:00+00:00,15,primary,1432,0.99444444,2015-10-21T19:37:00+00:00,201510211929,C2.0,2.083e-06,-263,2015-10-21T19:37:00+00:00,201510211929,C2.0,2.083e-06,-485,true,false
train,2015-10-22T01:00:00+00:00,2015,6.37738548903e-06,-5.19535733075,2015-10-22T03:42:00+00:00,15,primary,1432,0.99444444,2015-10-21T19:37:00+00:00,201510211929,C2.0,2.083e-06,-323,2015-10-21T19:37:00+00:00,201510211929,C2.0,2.083e-06,-485,true,false
train,2015-10-22T02:00:00+00:00,2015,6.37738548903e-06,-5.19535733075,2015-10-22T03:42:00+00:00,15,primary,1432,0.99444444,2015-10-21T19:37:00+00:00,201510211929,C2.0,2.083e-06,-383,2015-10-21T19:37:00+00:00,201510211929,C2.0,2.083e-06,-485,false,false
train,2015-10-26T17:00:00+00:00,2015,4.60590490547e-06,-5.33668503282,2015-10-27T14:29:00+00:00,15,primary,1440,1.00000000,2015-10-26T16:01:00+00:00,201510261554,B9.5,9.568e-07,-59,2015-10-27T20:19:00+00:00,201510272010,C2.0,2.076e-06,350,true,true
train,2015-10-26T18:00:00+00:00,2015,4.60590490547e-06,-5.33668503282,2015-10-27T14:29:00+00:00,15,primary,1440,1.00000000,2015-10-26T16:01:00+00:00,201510261554,B9.5,9.568e-07,-119,2015-10-27T20:19:00+00:00,201510272010,C2.0,2.076e-06,350,true,true
train,2015-10-26T19:00:00+00:00,2015,4.60590490547e-06,-5.33668503282,2015-10-27T14:29:00+00:00,15,primary,1440,1.00000000,2015-10-26T16:01:00+00:00,201510261554,B9.5,9.568e-07,-179,2015-10-27T20:19:00+00:00,201510272010,C2.0,2.076e-06,350,true,true
train,2015-10-26T20:00:00+00:00,2015,4.60590490547e-06,-5.33668503282,2015-10-27T14:29:00+00:00,15,primary,1440,1.00000000,2015-10-26T16:01:00+00:00,201510261554,B9.5,9.568e-07,-239,2015-10-27T20:19:00+00:00,201510272010,C2.0,2.076e-06,350,true,true
train,2016-04-10T01:00:00+00:00,2016,2.75812658401e-06,-5.55938580579,2016-04-10T10:49:00+00:00,15,primary,1399,0.97152778,2016-04-10T00:35:00+00:00,201604100029,C1.0,1.020e-06,-25,2016-04-10T00:35:00+00:00,201604100029,C1.0,1.020e-06,-614,true,false
train,2016-04-10T02:00:00+00:00,2016,2.75812658401e-06,-5.55938580579,2016-04-10T10:49:00+00:00,15,primary,1399,0.97152778,2016-04-10T00:35:00+00:00,201604100029,C1.0,1.020e-06,-85,2016-04-10T00:35:00+00:00,201604100029,C1.0,1.020e-06,-614,true,false
train,2016-04-10T03:00:00+00:00,2016,2.75812658401e-06,-5.55938580579,2016-04-10T10:49:00+00:00,15,primary,1399,0.97152778,2016-04-10T00:35:00+00:00,201604100029,C1.0,1.020e-06,-145,2016-04-10T00:35:00+00:00,201604100029,C1.0,1.020e-06,-614,true,false
train,2016-04-10T04:00:00+00:00,2016,2.75812658401e-06,-5.55938580579,2016-04-10T10:49:00+00:00,15,primary,1399,0.97152778,2016-04-10T00:35:00+00:00,201604100029,C1.0,1.020e-06,-205,2016-04-10T00:35:00+00:00,201604100029,C1.0,1.020e-06,-614,true,false
train,2016-04-10T05:00:00+00:00,2016,2.75812658401e-06,-5.55938580579,2016-04-10T10:49:00+00:00,15,primary,1399,0.97152778,2016-04-10T00:35:00+00:00,201604100029,C1.0,1.020e-06,-265,2016-04-10T00:35:00+00:00,201604100029,C1.0,1.020e-06,-614,true,false
train,2016-04-10T06:00:00+00:00,2016,2.75812658401e-06,-5.55938580579,2016-04-10T10:49:00+00:00,15,primary,1399,0.97152778,2016-04-10T00:35:00+00:00,201604100029,C1.0,1.020e-06,-325,2016-04-10T00:35:00+00:00,201604100029,C1.0,1.020e-06,-614,true,false
train,2016-04-10T07:00:00+00:00,2016,2.75812658401e-06,-5.55938580579,2016-04-10T10:49:00+00:00,15,primary,1399,0.97152778,2016-04-10T00:35:00+00:00,201604100029,C1.0,1.020e-06,-385,2016-04-10T00:35:00+00:00,201604100029,C1.0,1.020e-06,-614,false,false
train,2016-04-10T08:00:00+00:00,2016,2.75812658401e-06,-5.55938580579,2016-04-10T10:49:00+00:00,15,primary,1399,0.97152778,2016-04-10T00:35:00+00:00,201604100029,C1.0,1.020e-06,-445,2016-04-10T00:35:00+00:00,201604100029,C1.0,1.020e-06,-614,false,false
train,2016-04-10T09:00:00+00:00,2016,2.75812658401e-06,-5.55938580579,2016-04-10T10:49:00+00:00,15,primary,1403,0.97430556,2016-04-10T00:35:00+00:00,201604100029,C1.0,1.020e-06,-505,2016-04-10T00:35:00+00:00,201604100029,C1.0,1.020e-06,-614,false,false
train,2016-04-10T10:00:00+00:00,2016,2.75812658401e-06,-5.55938580579,2016-04-10T10:49:00+00:00,15,primary,1408,0.97777778,2016-04-10T00:35:00+00:00,201604100029,C1.0,1.020e-06,-565,2016-04-10T00:35:00+00:00,201604100029,C1.0,1.020e-06,-614,false,false
train,2016-04-10T11:00:00+00:00,2016,2.32744787354e-06,-5.63312003687,2016-04-10T11:23:00+00:00,15,primary,1408,0.97777778,2016-04-10T00:35:00+00:00,201604100029,C1.0,1.020e-06,-625,2016-04-10T00:35:00+00:00,201604100029,C1.0,1.020e-06,-648,false,false
train,2016-04-10T12:00:00+00:00,2016,2.11823635254e-06,-5.674025583,2016-04-10T12:26:00+00:00,15,primary,1408,0.97777778,2016-04-10T00:35:00+00:00,201604100029,C1.0,1.020e-06,-685,2016-04-10T00:35:00+00:00,201604100029,C1.0,1.020e-06,-711,false,false
train,2016-04-10T13:00:00+00:00,2016,1.69983047726e-06,-5.76959438831,2016-04-10T13:46:00+00:00,15,primary,1408,0.97777778,2016-04-10T00:35:00+00:00,201604100029,C1.0,1.020e-06,-745,2016-04-10T00:35:00+00:00,201604100029,C1.0,1.020e-06,-791,false,false
leaky_validation,2017-01-12T17:00:00+00:00,2017,1.4353216784e-06,-5.84305075573,2017-01-12T17:00:00+00:00,15,primary,1432,0.99444444,2017-01-12T16:18:00+00:00,201701121549,C5.5,5.523e-06,-42,2017-01-12T16:18:00+00:00,201701121549,C5.5,5.523e-06,-42,true,true
validation,2018-01-22T03:00:00+00:00,2018,1.38615416745e-06,-5.858188465,2018-01-22T03:00:00+00:00,16,primary,1440,1.00000000,2018-01-22T02:57:00+00:00,201801220233,C1.4,1.442e-06,-3,2018-01-22T02:57:00+00:00,201801220233,C1.4,1.442e-06,-3,true,true
train,2019-03-08T04:00:00+00:00,2019,1.01442390132e-06,-5.99378052672,2019-03-08T04:00:00+00:00,17,primary,1368,0.95000000,2019-03-08T03:37:00+00:00,201903080329,C1.9,1.973e-06,-23,2019-03-08T03:37:00+00:00,201903080329,C1.9,1.973e-06,-23,true,true
test,2020-12-07T17:00:00+00:00,2020,6.05420200372e-06,-5.21794309252,2020-12-07T17:00:00+00:00,17,primary,1440,1.00000000,2020-12-07T16:32:00+00:00,202012071546,C7.4,7.413e-06,-28,2020-12-07T16:32:00+00:00,202012071546,C7.4,7.413e-06,-28,true,true
test,2020-12-07T18:00:00+00:00,2020,2.72232205134e-06,-5.56506049895,2020-12-07T18:00:00+00:00,17,primary,1440,1.00000000,2020-12-07T16:32:00+00:00,202012071546,C7.4,7.413e-06,-88,2020-12-07T16:32:00+00:00,202012071546,C7.4,7.413e-06,-88,true,true
test,2020-12-07T19:00:00+00:00,2020,1.31501144551e-06,-5.88107046717,2020-12-07T19:00:00+00:00,17,primary,1440,1.00000000,2020-12-07T16:32:00+00:00,202012071546,C7.4,7.413e-06,-148,2020-12-07T16:32:00+00:00,202012071546,C7.4,7.413e-06,-148,true,true
test,2022-04-13T14:00:00+00:00,2022,1.361286877e-06,-5.86605034212,2022-04-14T13:17:00+00:00,17,primary,1440,1.00000000,2022-04-13T13:09:00+00:00,202204131300,B2.9,2.937e-07,-51,2022-04-15T11:01:00+00:00,202204151031,M1.2,1.279e-05,1304,true,false
test,2022-04-13T15:00:00+00:00,2022,1.361286877e-06,-5.86605034212,2022-04-14T13:17:00+00:00,17,primary,1440,1.00000000,2022-04-13T13:09:00+00:00,202204131300,B2.9,2.937e-07,-111,2022-04-15T11:01:00+00:00,202204151031,M1.2,1.279e-05,1304,true,false
test,2022-04-13T16:00:00+00:00,2022,1.361286877e-06,-5.86605034212,2022-04-14T13:17:00+00:00,17,primary,1440,1.00000000,2022-04-13T13:09:00+00:00,202204131300,B2.9,2.937e-07,-171,2022-04-15T11:01:00+00:00,202204151031,M1.2,1.279e-05,1304,true,false
test,2022-04-13T17:00:00+00:00,2022,1.361286877e-06,-5.86605034212,2022-04-14T13:17:00+00:00,17,primary,1440,1.00000000,2022-04-13T13:09:00+00:00,202204131300,B2.9,2.937e-07,-231,2022-04-15T11:01:00+00:00,202204151031,M1.2,1.279e-05,1304,true,false
test,2022-04-13T18:00:00+00:00,2022,1.361286877e-06,-5.86605034212,2022-04-14T13:17:00+00:00,17,primary,1440,1.00000000,2022-04-13T13:09:00+00:00,202204131300,B2.9,2.937e-07,-291,2022-04-15T11:01:00+00:00,202204151031,M1.2,1.279e-05,1304,true,false
test,2022-04-13T19:00:00+00:00,2022,1.361286877e-06,-5.86605034212,2022-04-14T13:17:00+00:00,17,primary,1440,1.00000000,2022-04-13T13:09:00+00:00,202204131300,B2.9,2.937e-07,-351,2022-04-15T11:01:00+00:00,202204151031,M1.2,1.279e-05,1304,true,false
test,2022-04-13T20:00:00+00:00,2022,1.361286877e-06,-5.86605034212,2022-04-14T13:17:00+00:00,17,primary,1440,1.00000000,2022-04-13T13:09:00+00:00,202204131300,B2.9,2.937e-07,-411,2022-04-15T11:01:00+00:00,202204151031,M1.2,1.279e-05,1304,false,false
test,2022-04-13T21:00:00+00:00,2022,1.361286877e-06,-5.86605034212,2022-04-14T13:17:00+00:00,17,primary,1440,1.00000000,2022-04-13T13:09:00+00:00,202204131300,B2.9,2.937e-07,-471,2022-04-15T11:01:00+00:00,202204151031,M1.2,1.279e-05,1304,false,false
test,2022-04-13T22:00:00+00:00,2022,1.361286877e-06,-5.86605034212,2022-04-14T13:17:00+00:00,17,primary,1440,1.00000000,2022-04-13T13:09:00+00:00,202204131300,B2.9,2.937e-07,-531,2022-04-15T11:01:00+00:00,202204151031,M1.2,1.279e-05,1304,false,false
test,2022-04-13T23:00:00+00:00,2022,1.361286877e-06,-5.86605034212,2022-04-14T13:17:00+00:00,17,primary,1440,1.00000000,2022-04-13T13:09:00+00:00,202204131300,B2.9,2.937e-07,-591,2022-04-15T11:01:00+00:00,202204151031,M1.2,1.279e-05,1304,false,false
test,2022-04-14T00:00:00+00:00,2022,1.361286877e-06,-5.86605034212,2022-04-14T13:17:00+00:00,17,primary,1440,1.00000000,2022-04-13T13:09:00+00:00,202204131300,B2.9,2.937e-07,-651,2022-04-15T11:01:00+00:00,202204151031,M1.2,1.279e-05,1304,false,false
test,2022-04-14T01:00:00+00:00,2022,1.89782394955e-06,-5.7217440771,2022-04-15T00:59:00+00:00,17,primary,1440,1.00000000,2022-04-13T13:09:00+00:00,202204131300,B2.9,2.937e-07,-711,2022-04-15T11:01:00+00:00,202204151031,M1.2,1.279e-05,602,false,false
test,2022-04-14T02:00:00+00:00,2022,3.71447367797e-06,-5.43010271486,2022-04-15T01:59:00+00:00,17,primary,1440,1.00000000,2022-04-13T13:09:00+00:00,202204131300,B2.9,2.937e-07,-771,2022-04-15T11:01:00+00:00,202204151031,M1.2,1.279e-05,542,false,false
test,2022-04-14T03:00:00+00:00,2022,4.06808703701e-06,-5.39060976389,2022-04-15T02:59:00+00:00,17,primary,1440,1.00000000,2022-04-13T13:09:00+00:00,202204131300,B2.9,2.937e-07,-831,2022-04-15T11:01:00+00:00,202204151031,M1.2,1.279e-05,482,false,false
test,2022-04-14T04:00:00+00:00,2022,4.58604972664e-06,-5.33856124052,2022-04-15T03:06:00+00:00,17,primary,1440,1.00000000,2022-04-13T13:09:00+00:00,202204131300,B2.9,2.937e-07,-891,2022-04-15T11:01:00+00:00,202204151031,M1.2,1.279e-05,475,false,false
test,2022-04-14T05:00:00+00:00,2022,4.58604972664e-06,-5.33856124052,2022-04-15T03:06:00+00:00,17,primary,1440,1.00000000,2022-04-13T13:09:00+00:00,202204131300,B2.9,2.937e-07,-951,2022-04-15T11:01:00+00:00,202204151031,M1.2,1.279e-05,475,false,false
test,2022-04-14T06:00:00+00:00,2022,4.58604972664e-06,-5.33856124052,2022-04-15T03:06:00+00:00,17,primary,1440,1.00000000,2022-04-13T13:09:00+00:00,202204131300,B2.9,2.937e-07,-1011,2022-04-15T11:01:00+00:00,202204151031,M1.2,1.279e-05,475,false,false
test,2022-04-14T07:00:00+00:00,2022,4.58604972664e-06,-5.33856124052,2022-04-15T03:06:00+00:00,17,primary,1440,1.00000000,2022-04-13T13:09:00+00:00,202204131300,B2.9,2.937e-07,-1071,2022-04-15T11:01:00+00:00,202204151031,M1.2,1.279e-05,475,false,false
test,2022-04-14T08:00:00+00:00,2022,4.58604972664e-06,-5.33856124052,2022-04-15T03:06:00+00:00,17,primary,1440,1.00000000,2022-04-13T13:09:00+00:00,202204131300,B2.9,2.937e-07,-1131,2022-04-15T11:01:00+00:00,202204151031,M1.2,1.279e-05,475,false,false
test,2022-04-14T09:00:00+00:00,2022,4.58604972664e-06,-5.33856124052,2022-04-15T03:06:00+00:00,17,primary,1440,1.00000000,2022-04-13T13:09:00+00:00,202204131300,B2.9,2.937e-07,-1191,2022-04-15T11:01:00+00:00,202204151031,M1.2,1.279e-05,475,false,false
test,2022-04-14T10:00:00+00:00,2022,4.58604972664e-06,-5.33856124052,2022-04-15T03:06:00+00:00,17,primary,1440,1.00000000,2022-04-13T13:09:00+00:00,202204131300,B2.9,2.937e-07,-1251,2022-04-15T11:01:00+00:00,202204151031,M1.2,1.279e-05,475,false,false
test,2022-04-14T11:00:00+00:00,2022,1.26758977785e-05,-4.89702127172,2022-04-15T10:59:00+00:00,17,primary,1440,1.00000000,2022-04-13T13:09:00+00:00,202204131300,B2.9,2.937e-07,-1311,2022-04-15T11:01:00+00:00,202204151031,M1.2,1.279e-05,2,false,true
test,2022-06-05T13:00:00+00:00,2022,1.0156592225e-06,-5.9932519836,2022-06-05T13:00:00+00:00,17,primary,1440,1.00000000,2022-06-05T12:25:00+00:00,202206051205,C1.7,1.767e-06,-35,2022-06-05T12:25:00+00:00,202206051205,C1.7,1.767e-06,-35,true,true
test,2023-02-05T11:00:00+00:00,2023,2.71128010354e-06,-5.56682561295,2023-02-05T11:00:00+00:00,18,primary,1382,0.95972222,2023-02-05T10:51:00+00:00,202302051038,C6.5,6.501e-06,-9,2023-02-05T10:51:00+00:00,202302051038,C6.5,6.501e-06,-9,true,true
test,2023-03-12T11:00:00+00:00,2023,3.01315844808e-06,-5.52097803019,2023-03-13T10:59:00+00:00,18,primary,1354,0.94027778,2023-03-12T10:18:00+00:00,202303121010,C1.5,1.581e-06,-42,2023-03-14T05:04:00+00:00,202303140459,B9.2,9.257e-07,1085,true,false
test,2023-03-12T12:00:00+00:00,2023,3.09535425913e-06,-5.50928963938,2023-03-13T11:06:00+00:00,18,primary,1354,0.94027778,2023-03-12T10:18:00+00:00,202303121010,C1.5,1.581e-06,-102,2023-03-14T05:04:00+00:00,202303140459,B9.2,9.257e-07,1078,true,false
test,2023-03-12T13:00:00+00:00,2023,3.09535425913e-06,-5.50928963938,2023-03-13T11:06:00+00:00,18,primary,1354,0.94027778,2023-03-12T10:18:00+00:00,202303121010,C1.5,1.581e-06,-162,2023-03-14T05:04:00+00:00,202303140459,B9.2,9.257e-07,1078,true,false
test,2023-03-12T14:00:00+00:00,2023,3.09535425913e-06,-5.50928963938,2023-03-13T11:06:00+00:00,18,primary,1354,0.94027778,2023-03-12T10:18:00+00:00,202303121010,C1.5,1.581e-06,-222,2023-03-14T05:04:00+00:00,202303140459,B9.2,9.257e-07,1078,true,false
test,2023-03-12T15:00:00+00:00,2023,3.09535425913e-06,-5.50928963938,2023-03-13T11:06:00+00:00,18,primary,1354,0.94027778,2023-03-12T10:18:00+00:00,202303121010,C1.5,1.581e-06,-282,2023-03-14T05:04:00+00:00,202303140459,B9.2,9.257e-07,1078,true,false
test,2023-03-12T16:00:00+00:00,2023,3.09535425913e-06,-5.50928963938,2023-03-13T11:06:00+00:00,18,primary,1354,0.94027778,2023-03-12T10:18:00+00:00,202303121010,C1.5,1.581e-06,-342,2023-03-14T05:04:00+00:00,202303140459,B9.2,9.257e-07,1078,true,false
test,2023-03-12T17:00:00+00:00,2023,3.09535425913e-06,-5.50928963938,2023-03-13T11:06:00+00:00,18,primary,1354,0.94027778,2023-03-12T10:18:00+00:00,202303121010,C1.5,1.581e-06,-402,2023-03-14T05:04:00+00:00,202303140459,B9.2,9.257e-07,1078,false,false
test,2023-03-12T18:00:00+00:00,2023,3.09535425913e-06,-5.50928963938,2023-03-13T11:06:00+00:00,18,primary,1354,0.94027778,2023-03-12T10:18:00+00:00,202303121010,C1.5,1.581e-06,-462,2023-03-14T05:04:00+00:00,202303140459,B9.2,9.257e-07,1078,false,false
test,2023-03-12T19:00:00+00:00,2023,3.09535425913e-06,-5.50928963938,2023-03-13T11:06:00+00:00,18,primary,1356,0.94166667,2023-03-12T10:18:00+00:00,202303121010,C1.5,1.581e-06,-522,2023-03-14T05:04:00+00:00,202303140459,B9.2,9.257e-07,1078,false,false
test,2023-03-12T20:00:00+00:00,2023,3.09535425913e-06,-5.50928963938,2023-03-13T11:06:00+00:00,18,primary,1356,0.94166667,2023-03-12T10:18:00+00:00,202303121010,C1.5,1.581e-06,-582,2023-03-14T05:04:00+00:00,202303140459,B9.2,9.257e-07,1078,false,false
test,2023-03-12T21:00:00+00:00,2023,3.09535425913e-06,-5.50928963938,2023-03-13T11:06:00+00:00,18,primary,1356,0.94166667,2023-03-12T10:18:00+00:00,202303121010,C1.5,1.581e-06,-642,2023-03-14T05:04:00+00:00,202303140459,B9.2,9.257e-07,1078,false,false
test,2023-03-12T22:00:00+00:00,2023,3.09535425913e-06,-5.50928963938,2023-03-13T11:06:00+00:00,18,primary,1356,0.94166667,2023-03-12T10:18:00+00:00,202303121010,C1.5,1.581e-06,-702,2023-03-14T05:04:00+00:00,202303140459,B9.2,9.257e-07,1078,false,false
test,2023-03-12T23:00:00+00:00,2023,3.09535425913e-06,-5.50928963938,2023-03-13T11:06:00+00:00,18,primary,1356,0.94166667,2023-03-12T10:18:00+00:00,202303121010,C1.5,1.581e-06,-762,2023-03-14T05:04:00+00:00,202303140459,B9.2,9.257e-07,1078,false,false
test,2023-03-13T00:00:00+00:00,2023,3.09535425913e-06,-5.50928963938,2023-03-13T11:06:00+00:00,18,primary,1356,0.94166667,2023-03-12T10:18:00+00:00,202303121010,C1.5,1.581e-06,-822,2023-03-14T05:04:00+00:00,202303140459,B9.2,9.257e-07,1078,false,false
test,2023-03-13T01:00:00+00:00,2023,3.09535425913e-06,-5.50928963938,2023-03-13T11:06:00+00:00,18,primary,1356,0.94166667,2023-03-12T10:18:00+00:00,202303121010,C1.5,1.581e-06,-882,2023-03-14T05:04:00+00:00,202303140459,B9.2,9.257e-07,1078,false,false
test,2023-03-13T02:00:00+00:00,2023,3.09535425913e-06,-5.50928963938,2023-03-13T11:06:00+00:00,18,primary,1356,0.94166667,2023-03-12T10:18:00+00:00,202303121010,C1.5,1.581e-06,-942,2023-03-14T05:04:00+00:00,202303140459,B9.2,9.257e-07,1078,false,false
test,2023-03-13T03:00:00+00:00,2023,3.09535425913e-06,-5.50928963938,2023-03-13T11:06:00+00:00,18,primary,1356,0.94166667,2023-03-12T10:18:00+00:00,202303121010,C1.5,1.581e-06,-1002,2023-03-14T05:04:00+00:00,202303140459,B9.2,9.257e-07,1078,false,false
test,2023-03-13T04:00:00+00:00,2023,3.09535425913e-06,-5.50928963938,2023-03-13T11:06:00+00:00,18,primary,1356,0.94166667,2023-03-12T10:18:00+00:00,202303121010,C1.5,1.581e-06,-1062,2023-03-14T05:04:00+00:00,202303140459,B9.2,9.257e-07,1078,false,false
test,2023-03-13T05:00:00+00:00,2023,3.09535425913e-06,-5.50928963938,2023-03-13T11:06:00+00:00,18,primary,1356,0.94166667,2023-03-12T10:18:00+00:00,202303121010,C1.5,1.581e-06,-1122,2023-03-14T05:04:00+00:00,202303140459,B9.2,9.257e-07,1078,false,false
test,2023-04-01T04:00:00+00:00,2023,5.17069383932e-06,-5.28645117637,2023-04-01T04:00:00+00:00,18,primary,1361,0.94513889,2023-04-01T03:28:00+00:00,202304010249,C6.8,6.802e-06,-32,2023-04-01T03:28:00+00:00,202304010249,C6.8,6.802e-06,-32,true,true
test,2023-04-01T05:00:00+00:00,2023,2.63503056885e-06,-5.57921434219,2023-04-01T05:00:00+00:00,18,primary,1361,0.94513889,2023-04-01T03:28:00+00:00,202304010249,C6.8,6.802e-06,-92,2023-04-01T03:28:00+00:00,202304010249,C6.8,6.802e-06,-92,true,true
test,2023-04-01T06:00:00+00:00,2023,1.61965760981e-06,-5.79057678415,2023-04-01T06:00:00+00:00,18,primary,1361,0.94513889,2023-04-01T03:28:00+00:00,202304010249,C6.8,6.802e-06,-152,2023-04-01T03:28:00+00:00,202304010249,C6.8,6.802e-06,-152,true,true
test,2023-04-01T07:00:00+00:00,2023,1.34912784233e-06,-5.86994689496,2023-04-01T07:06:00+00:00,18,primary,1361,0.94513889,2023-04-01T03:28:00+00:00,202304010249,C6.8,6.802e-06,-212,2023-04-01T03:28:00+00:00,202304010249,C6.8,6.802e-06,-218,true,true
test,2023-08-26T23:00:00+00:00,2023,1.03667252915e-05,-4.98435840971,2023-08-26T23:00:00+00:00,18,primary,1440,1.00000000,2023-08-26T22:50:00+00:00,202308262205,M1.1,1.112e-05,-10,2023-08-26T22:50:00+00:00,202308262205,M1.1,1.112e-05,-10,true,true
test,2023-08-27T00:00:00+00:00,2023,5.32759895577e-06,-5.27346847488,2023-08-27T00:00:00+00:00,18,primary,1440,1.00000000,2023-08-26T22:50:00+00:00,202308262205,M1.1,1.112e-05,-70,2023-08-26T22:50:00+00:00,202308262205,M1.1,1.112e-05,-70,true,true
test,2023-08-27T01:00:00+00:00,2023,3.65241544387e-06,-5.43741982952,2023-08-27T01:00:00+00:00,18,primary,1440,1.00000000,2023-08-26T22:50:00+00:00,202308262205,M1.1,1.112e-05,-130,2023-08-26T22:50:00+00:00,202308262205,M1.1,1.112e-05,-130,true,true
test,2023-08-27T02:00:00+00:00,2023,2.6805817015e-06,-5.57177095137,2023-08-27T02:00:00+00:00,18,primary,1440,1.00000000,2023-08-26T22:50:00+00:00,202308262205,M1.1,1.112e-05,-190,2023-08-26T22:50:00+00:00,202308262205,M1.1,1.112e-05,-190,true,true
test,2023-08-27T03:00:00+00:00,2023,2.65396829491e-06,-5.57610426965,2023-08-27T03:05:00+00:00,18,primary,1440,1.00000000,2023-08-26T22:50:00+00:00,202308262205,M1.1,1.112e-05,-250,2023-08-26T22:50:00+00:00,202308262205,M1.1,1.112e-05,-255,true,true
test,2023-08-27T04:00:00+00:00,2023,1.50822120304e-06,-5.82153495806,2023-08-27T04:00:00+00:00,18,primary,1440,1.00000000,2023-08-26T22:50:00+00:00,202308262205,M1.1,1.112e-05,-310,2023-08-26T22:50:00+00:00,202308262205,M1.1,1.112e-05,-310,true,true
test,2023-09-16T14:00:00+00:00,2023,3.72207023247e-06,-5.42921543634,2023-09-16T15:57:00+00:00,18,primary,1355,0.94097222,2023-09-16T13:19:00+00:00,202309161313,C1.9,1.936e-06,-41,2023-09-16T13:19:00+00:00,202309161313,C1.9,1.936e-06,-158,true,true
test,2023-09-16T15:00:00+00:00,2023,3.72207023247e-06,-5.42921543634,2023-09-16T15:57:00+00:00,18,primary,1355,0.94097222,2023-09-16T13:19:00+00:00,202309161313,C1.9,1.936e-06,-101,2023-09-16T13:19:00+00:00,202309161313,C1.9,1.936e-06,-158,true,true
test,2023-09-16T16:00:00+00:00,2023,2.52617905971e-06,-5.59753586919,2023-09-16T16:00:00+00:00,18,primary,1353,0.93958333,2023-09-16T13:19:00+00:00,202309161313,C1.9,1.936e-06,-161,2023-09-16T13:19:00+00:00,202309161313,C1.9,1.936e-06,-161,true,true
test,2023-10-17T06:00:00+00:00,2023,1.69119539351e-06,-5.77180621297,2023-10-17T06:00:00+00:00,18,primary,1440,1.00000000,2023-10-17T05:05:00+00:00,202310170441,C2.2,2.216e-06,-55,2023-10-17T05:05:00+00:00,202310170441,C2.2,2.216e-06,-55,true,true
test,2023-10-17T07:00:00+00:00,2023,1.5979918544e-06,-5.79642543879,2023-10-18T02:12:00+00:00,18,primary,1440,1.00000000,2023-10-17T05:05:00+00:00,202310170441,C2.2,2.216e-06,-115,2023-10-18T10:00:00+00:00,202310180954,B7.3,7.360e-07,468,true,false
test,2023-10-17T08:00:00+00:00,2023,1.5979918544e-06,-5.79642543879,2023-10-18T02:12:00+00:00,18,primary,1440,1.00000000,2023-10-17T05:05:00+00:00,202310170441,C2.2,2.216e-06,-175,2023-10-18T10:00:00+00:00,202310180954,B7.3,7.360e-07,468,true,false
test,2023-10-17T09:00:00+00:00,2023,1.5979918544e-06,-5.79642543879,2023-10-18T02:12:00+00:00,18,primary,1440,1.00000000,2023-10-17T05:05:00+00:00,202310170441,C2.2,2.216e-06,-235,2023-10-18T10:00:00+00:00,202310180954,B7.3,7.360e-07,468,true,false
test,2023-10-17T10:00:00+00:00,2023,1.5979918544e-06,-5.79642543879,2023-10-18T02:12:00+00:00,18,primary,1440,1.00000000,2023-10-17T05:05:00+00:00,202310170441,C2.2,2.216e-06,-295,2023-10-18T10:00:00+00:00,202310180954,B7.3,7.360e-07,468,true,false
test,2023-11-04T10:00:00+00:00,2023,1.77188928774e-06,-5.75156341745,2023-11-04T14:02:00+00:00,18,primary,1440,1.00000000,2023-11-04T09:52:00+00:00,202311040944,C1.7,1.771e-06,-8,2023-11-04T09:52:00+00:00,202311040944,C1.7,1.771e-06,-250,true,true
test,2023-11-09T12:00:00+00:00,2023,2.12590316551e-06,-5.67245652139,2023-11-09T14:27:00+00:00,18,primary,1440,1.00000000,2023-11-09T11:18:00+00:00,202311091053,C2.6,2.619e-06,-42,2023-11-09T11:18:00+00:00,202311091053,C2.6,2.619e-06,-189,true,true
test,2024-01-19T02:00:00+00:00,2024,2.42391797656e-06,-5.61548208043,2024-01-19T13:25:00+00:00,18,primary,1438,0.99861111,2024-01-19T01:53:00+00:00,202401190146,C1.8,1.830e-06,-7,2024-01-19T01:53:00+00:00,202401190146,C1.8,1.830e-06,-692,true,false
test,2024-01-27T11:00:00+00:00,2024,3.39077905664e-06,-5.46970050795,2024-01-28T10:17:00+00:00,18,primary,1438,0.99861111,2024-01-27T10:39:00+00:00,202401271028,C2.9,2.937e-06,-21,2024-01-28T12:46:00+00:00,202401281237,C2.8,2.815e-06,149,true,true
test,2024-01-27T12:00:00+00:00,2024,3.39077905664e-06,-5.46970050795,2024-01-28T10:17:00+00:00,18,primary,1440,1.00000000,2024-01-27T10:39:00+00:00,202401271028,C2.9,2.937e-06,-81,2024-01-28T12:46:00+00:00,202401281237,C2.8,2.815e-06,149,true,true
test,2024-03-14T21:00:00+00:00,2024,5.97747066422e-06,-5.2234825466,2024-03-15T06:19:00+00:00,18,primary,1351,0.93819444,2024-03-14T20:57:00+00:00,202403142048,C1.8,1.893e-06,-3,2024-03-14T20:57:00+00:00,202403142048,C1.8,1.893e-06,-562,true,false
test,2024-03-14T22:00:00+00:00,2024,5.97747066422e-06,-5.2234825466,2024-03-15T06:19:00+00:00,18,primary,1351,0.93819444,2024-03-14T20:57:00+00:00,202403142048,C1.8,1.893e-06,-63,2024-03-14T20:57:00+00:00,202403142048,C1.8,1.893e-06,-562,true,false
test,2024-03-14T23:00:00+00:00,2024,5.97747066422e-06,-5.2234825466,2024-03-15T06:19:00+00:00,18,primary,1350,0.93750000,2024-03-14T20:57:00+00:00,202403142048,C1.8,1.893e-06,-123,2024-03-14T20:57:00+00:00,202403142048,C1.8,1.893e-06,-562,true,false
test,2024-03-15T00:00:00+00:00,2024,5.97747066422e-06,-5.2234825466,2024-03-15T06:19:00+00:00,18,primary,1350,0.93750000,2024-03-14T20:57:00+00:00,202403142048,C1.8,1.893e-06,-183,2024-03-14T20:57:00+00:00,202403142048,C1.8,1.893e-06,-562,true,false
test,2024-03-15T01:00:00+00:00,2024,5.97747066422e-06,-5.2234825466,2024-03-15T06:19:00+00:00,18,primary,1350,0.93750000,2024-03-14T20:57:00+00:00,202403142048,C1.8,1.893e-06,-243,2024-03-14T20:57:00+00:00,202403142048,C1.8,1.893e-06,-562,true,false
test,2024-03-15T02:00:00+00:00,2024,5.97747066422e-06,-5.2234825466,2024-03-15T06:19:00+00:00,18,primary,1350,0.93750000,2024-03-14T20:57:00+00:00,202403142048,C1.8,1.893e-06,-303,2024-03-14T20:57:00+00:00,202403142048,C1.8,1.893e-06,-562,true,false
test,2024-03-15T03:00:00+00:00,2024,5.97747066422e-06,-5.2234825466,2024-03-15T06:19:00+00:00,18,primary,1350,0.93750000,2024-03-14T20:57:00+00:00,202403142048,C1.8,1.893e-06,-363,2024-03-14T20:57:00+00:00,202403142048,C1.8,1.893e-06,-562,false,false
test,2024-03-15T04:00:00+00:00,2024,5.97747066422e-06,-5.2234825466,2024-03-15T06:19:00+00:00,18,primary,1350,0.93750000,2024-03-14T20:57:00+00:00,202403142048,C1.8,1.893e-06,-423,2024-03-14T20:57:00+00:00,202403142048,C1.8,1.893e-06,-562,false,false
test,2024-03-15T05:00:00+00:00,2024,5.97747066422e-06,-5.2234825466,2024-03-15T06:19:00+00:00,18,primary,1350,0.93750000,2024-03-14T20:57:00+00:00,202403142048,C1.8,1.893e-06,-483,2024-03-14T20:57:00+00:00,202403142048,C1.8,1.893e-06,-562,false,false
test,2024-03-15T06:00:00+00:00,2024,5.97747066422e-06,-5.2234825466,2024-03-15T06:19:00+00:00,18,primary,1348,0.93611111,2024-03-14T20:57:00+00:00,202403142048,C1.8,1.893e-06,-543,2024-03-14T20:57:00+00:00,202403142048,C1.8,1.893e-06,-562,false,false
test,2024-03-15T07:00:00+00:00,2024,5.18101160196e-06,-5.28558543519,2024-03-15T07:00:00+00:00,18,primary,1350,0.93750000,2024-03-14T20:57:00+00:00,202403142048,C1.8,1.893e-06,-603,2024-03-14T20:57:00+00:00,202403142048,C1.8,1.893e-06,-603,false,false
test,2024-03-15T08:00:00+00:00,2024,3.41216423294e-06,-5.46697007371,2024-03-15T08:00:00+00:00,18,primary,1350,0.93750000,2024-03-14T20:57:00+00:00,202403142048,C1.8,1.893e-06,-663,2024-03-14T20:57:00+00:00,202403142048,C1.8,1.893e-06,-663,false,false
test,2024-03-15T09:00:00+00:00,2024,2.09869449463e-06,-5.67805077674,2024-03-15T10:00:00+00:00,18,primary,1350,0.93750000,2024-03-14T20:57:00+00:00,202403142048,C1.8,1.893e-06,-723,2024-03-14T20:57:00+00:00,202403142048,C1.8,1.893e-06,-783,false,false
test,2024-03-15T10:00:00+00:00,2024,2.09869449463e-06,-5.67805077674,2024-03-15T10:00:00+00:00,18,primary,1351,0.93819444,2024-03-14T20:57:00+00:00,202403142048,C1.8,1.893e-06,-783,2024-03-14T20:57:00+00:00,202403142048,C1.8,1.893e-06,-783,false,false
test,2024-03-15T11:00:00+00:00,2024,1.78890104507e-06,-5.74741368222,2024-03-15T11:00:00+00:00,18,primary,1350,0.93750000,2024-03-14T20:57:00+00:00,202403142048,C1.8,1.893e-06,-843,2024-03-14T20:57:00+00:00,202403142048,C1.8,1.893e-06,-843,false,false
test,2024-03-15T12:00:00+00:00,2024,1.78145671725e-06,-5.74922472492,2024-03-15T12:09:00+00:00,18,primary,1350,0.93750000,2024-03-14T20:57:00+00:00,202403142048,C1.8,1.893e-06,-903,2024-03-14T20:57:00+00:00,202403142048,C1.8,1.893e-06,-912,false,false
test,2024-03-15T13:00:00+00:00,2024,1.90536161426e-06,-5.7200225884,2024-03-16T12:30:00+00:00,18,primary,1350,0.93750000,2024-03-14T20:57:00+00:00,202403142048,C1.8,1.893e-06,-963,2024-03-16T14:16:00+00:00,202403161411,C1.6,1.693e-06,106,false,true
test,2024-03-15T14:00:00+00:00,2024,1.90536161426e-06,-5.7200225884,2024-03-16T12:30:00+00:00,18,primary,1350,0.93750000,2024-03-14T20:57:00+00:00,202403142048,C1.8,1.893e-06,-1023,2024-03-16T14:16:00+00:00,202403161411,C1.6,1.693e-06,106,false,true
test,2024-04-01T02:00:00+00:00,2024,1.49276675074e-05,-4.82600804678,2024-04-01T02:00:00+00:00,18,primary,973,0.67569444,2024-04-01T01:32:00+00:00,202404010113,M3.9,3.910e-05,-28,2024-04-01T01:32:00+00:00,202404010113,M3.9,3.910e-05,-28,true,true
test,2024-04-01T03:00:00+00:00,2024,1.71001386207e-06,-5.76700036903,2024-04-01T03:02:00+00:00,18,primary,1024,0.71111111,2024-04-01T01:32:00+00:00,202404010113,M3.9,3.910e-05,-88,2024-04-01T01:32:00+00:00,202404010113,M3.9,3.910e-05,-90,true,true
test,2024-04-01T04:00:00+00:00,2024,1.57103397669e-06,-5.80381442239,2024-04-01T06:07:00+00:00,18,primary,1026,0.71250000,2024-04-01T01:32:00+00:00,202404010113,M3.9,3.910e-05,-148,2024-04-01T01:32:00+00:00,202404010113,M3.9,3.910e-05,-275,true,true
test,2024-04-01T05:00:00+00:00,2024,1.57103397669e-06,-5.80381442239,2024-04-01T06:07:00+00:00,18,primary,1026,0.71250000,2024-04-01T01:32:00+00:00,202404010113,M3.9,3.910e-05,-208,2024-04-01T01:32:00+00:00,202404010113,M3.9,3.910e-05,-275,true,true
test,2024-04-01T06:00:00+00:00,2024,1.57103397669e-06,-5.80381442239,2024-04-01T06:07:00+00:00,18,primary,1026,0.71250000,2024-04-01T01:32:00+00:00,202404010113,M3.9,3.910e-05,-268,2024-04-01T01:32:00+00:00,202404010113,M3.9,3.910e-05,-275,true,true
test,2024-04-01T07:00:00+00:00,2024,1.25331553136e-06,-5.90193957843,2024-04-01T07:10:00+00:00,18,primary,1026,0.71250000,2024-04-01T01:32:00+00:00,202404010113,M3.9,3.910e-05,-328,2024-04-01T01:32:00+00:00,202404010113,M3.9,3.910e-05,-338,true,true
test,2024-04-01T08:00:00+00:00,2024,1.24543248603e-06,-5.90467981027,2024-04-01T10:27:00+00:00,18,primary,1063,0.73819444,2024-04-01T01:32:00+00:00,202404010113,M3.9,3.910e-05,-388,2024-04-01T01:32:00+00:00,202404010113,M3.9,3.910e-05,-535,false,false
test,2024-04-01T09:00:00+00:00,2024,1.24543248603e-06,-5.90467981027,2024-04-01T10:27:00+00:00,18,primary,1093,0.75902778,2024-04-01T01:32:00+00:00,202404010113,M3.9,3.910e-05,-448,2024-04-01T01:32:00+00:00,202404010113,M3.9,3.910e-05,-535,false,false
test,2024-04-01T10:00:00+00:00,2024,1.24543248603e-06,-5.90467981027,2024-04-01T10:27:00+00:00,18,primary,1104,0.76666667,2024-04-01T01:32:00+00:00,202404010113,M3.9,3.910e-05,-508,2024-04-01T01:32:00+00:00,202404010113,M3.9,3.910e-05,-535,false,false
test,2024-04-01T11:00:00+00:00,2024,1.19315893699e-06,-5.92330170146,2024-04-01T20:14:00+00:00,18,primary,1156,0.80277778,2024-04-01T01:32:00+00:00,202404010113,M3.9,3.910e-05,-568,2024-04-01T01:32:00+00:00,202404010113,M3.9,3.910e-05,-1122,false,false
test,2024-04-01T12:00:00+00:00,2024,1.19315893699e-06,-5.92330170146,2024-04-01T20:14:00+00:00,18,primary,1208,0.83888889,2024-04-01T01:32:00+00:00,202404010113,M3.9,3.910e-05,-628,2024-04-01T01:32:00+00:00,202404010113,M3.9,3.910e-05,-1122,false,false
test,2024-04-01T13:00:00+00:00,2024,1.19315893699e-06,-5.92330170146,2024-04-01T20:14:00+00:00,18,primary,1259,0.87430556,2024-04-01T01:32:00+00:00,202404010113,M3.9,3.910e-05,-688,2024-04-01T01:32:00+00:00,202404010113,M3.9,3.910e-05,-1122,false,false
test,2024-04-01T14:00:00+00:00,2024,1.19315893699e-06,-5.92330170146,2024-04-01T20:14:00+00:00,18,primary,1311,0.91041667,2024-04-01T01:32:00+00:00,202404010113,M3.9,3.910e-05,-748,2024-04-01T01:32:00+00:00,202404010113,M3.9,3.910e-05,-1122,false,false
test,2024-04-01T15:00:00+00:00,2024,1.19315893699e-06,-5.92330170146,2024-04-01T20:14:00+00:00,18,primary,1364,0.94722222,2024-04-01T01:32:00+00:00,202404010113,M3.9,3.910e-05,-808,2024-04-01T01:32:00+00:00,202404010113,M3.9,3.910e-05,-1122,false,false
test,2024-04-01T16:00:00+00:00,2024,1.19315893699e-06,-5.92330170146,2024-04-01T20:14:00+00:00,18,primary,1364,0.94722222,2024-04-01T01:32:00+00:00,202404010113,M3.9,3.910e-05,-868,2024-04-01T01:32:00+00:00,202404010113,M3.9,3.910e-05,-1122,false,false
test,2024-04-01T17:00:00+00:00,2024,1.19315893699e-06,-5.92330170146,2024-04-01T20:14:00+00:00,18,primary,1364,0.94722222,2024-04-01T01:32:00+00:00,202404010113,M3.9,3.910e-05,-928,2024-04-01T01:32:00+00:00,202404010113,M3.9,3.910e-05,-1122,false,false
test,2024-04-01T18:00:00+00:00,2024,1.19315893699e-06,-5.92330170146,2024-04-01T20:14:00+00:00,18,primary,1364,0.94722222,2024-04-01T01:32:00+00:00,202404010113,M3.9,3.910e-05,-988,2024-04-01T01:32:00+00:00,202404010113,M3.9,3.910e-05,-1122,false,false
test,2024-04-01T19:00:00+00:00,2024,1.19315893699e-06,-5.92330170146,2024-04-01T20:14:00+00:00,18,primary,1364,0.94722222,2024-04-01T01:32:00+00:00,202404010113,M3.9,3.910e-05,-1048,2024-04-01T01:32:00+00:00,202404010113,M3.9,3.910e-05,-1122,false,false
test,2024-04-01T20:00:00+00:00,2024,1.19315893699e-06,-5.92330170146,2024-04-01T20:14:00+00:00,18,primary,1366,0.94861111,2024-04-01T01:32:00+00:00,202404010113,M3.9,3.910e-05,-1108,2024-04-01T01:32:00+00:00,202404010113,M3.9,3.910e-05,-1122,false,false
test,2024-04-01T21:00:00+00:00,2024,1.07470850708e-06,-5.96870931336,2024-04-01T21:01:00+00:00,18,primary,1366,0.94861111,2024-04-01T01:32:00+00:00,202404010113,M3.9,3.910e-05,-1168,2024-04-01T01:32:00+00:00,202404010113,M3.9,3.910e-05,-1169,false,false
test,2024-06-26T01:00:00+00:00,2024,6.19777529209e-06,-5.20776417369,2024-06-26T15:30:00+00:00,18,primary,1438,0.99861111,2024-06-26T00:12:00+00:00,202406260008,C4.7,4.785e-06,-48,2024-06-27T01:18:00+00:00,202406270109,C3.1,3.104e-06,588,true,false
test,2024-10-20T23:00:00+00:00,2024,6.16552415522e-06,-5.21002999643,2024-10-21T10:01:00+00:00,18,primary,1440,1.00000000,2024-10-20T22:35:00+00:00,202410202228,C5.0,5.036e-06,-25,2024-10-20T22:35:00+00:00,202410202228,C5.0,5.036e-06,-686,true,false
test,2024-10-21T00:00:00+00:00,2024,6.16552415522e-06,-5.21002999643,2024-10-21T10:01:00+00:00,18,primary,1440,1.00000000,2024-10-20T22:35:00+00:00,202410202228,C5.0,5.036e-06,-85,2024-10-20T22:35:00+00:00,202410202228,C5.0,5.036e-06,-686,true,false
test,2024-10-21T01:00:00+00:00,2024,6.16552415522e-06,-5.21002999643,2024-10-21T10:01:00+00:00,18,primary,1440,1.00000000,2024-10-20T22:35:00+00:00,202410202228,C5.0,5.036e-06,-145,2024-10-20T22:35:00+00:00,202410202228,C5.0,5.036e-06,-686,true,false
test,2024-10-21T02:00:00+00:00,2024,6.16552415522e-06,-5.21002999643,2024-10-21T10:01:00+00:00,18,primary,1440,1.00000000,2024-10-20T22:35:00+00:00,202410202228,C5.0,5.036e-06,-205,2024-10-20T22:35:00+00:00,202410202228,C5.0,5.036e-06,-686,true,false
test,2024-10-21T03:00:00+00:00,2024,6.16552415522e-06,-5.21002999643,2024-10-21T10:01:00+00:00,18,primary,1440,1.00000000,2024-10-20T22:35:00+00:00,202410202228,C5.0,5.036e-06,-265,2024-10-20T22:35:00+00:00,202410202228,C5.0,5.036e-06,-686,true,false
test,2024-10-21T04:00:00+00:00,2024,6.16552415522e-06,-5.21002999643,2024-10-21T10:01:00+00:00,18,primary,1440,1.00000000,2024-10-20T22:35:00+00:00,202410202228,C5.0,5.036e-06,-325,2024-10-20T22:35:00+00:00,202410202228,C5.0,5.036e-06,-686,true,false
test,2024-10-21T05:00:00+00:00,2024,6.16552415522e-06,-5.21002999643,2024-10-21T10:01:00+00:00,18,primary,1440,1.00000000,2024-10-20T22:35:00+00:00,202410202228,C5.0,5.036e-06,-385,2024-10-20T22:35:00+00:00,202410202228,C5.0,5.036e-06,-686,false,false
test,2024-10-21T06:00:00+00:00,2024,6.16552415522e-06,-5.21002999643,2024-10-21T10:01:00+00:00,18,primary,1440,1.00000000,2024-10-20T22:35:00+00:00,202410202228,C5.0,5.036e-06,-445,2024-10-20T22:35:00+00:00,202410202228,C5.0,5.036e-06,-686,false,false
test,2024-10-21T07:00:00+00:00,2024,6.16552415522e-06,-5.21002999643,2024-10-21T10:01:00+00:00,18,primary,1440,1.00000000,2024-10-20T22:35:00+00:00,202410202228,C5.0,5.036e-06,-505,2024-10-20T22:35:00+00:00,202410202228,C5.0,5.036e-06,-686,false,false
test,2024-10-21T08:00:00+00:00,2024,6.16552415522e-06,-5.21002999643,2024-10-21T10:01:00+00:00,18,primary,1440,1.00000000,2024-10-20T22:35:00+00:00,202410202228,C5.0,5.036e-06,-565,2024-10-20T22:35:00+00:00,202410202228,C5.0,5.036e-06,-686,false,false
test,2024-10-21T09:00:00+00:00,2024,6.16552415522e-06,-5.21002999643,2024-10-21T10:01:00+00:00,18,primary,1440,1.00000000,2024-10-20T22:35:00+00:00,202410202228,C5.0,5.036e-06,-625,2024-10-20T22:35:00+00:00,202410202228,C5.0,5.036e-06,-686,false,false
test,2024-10-21T10:00:00+00:00,2024,6.16552415522e-06,-5.21002999643,2024-10-21T10:01:00+00:00,18,primary,1440,1.00000000,2024-10-20T22:35:00+00:00,202410202228,C5.0,5.036e-06,-685,2024-10-20T22:35:00+00:00,202410202228,C5.0,5.036e-06,-686,false,false
test,2024-10-21T11:00:00+00:00,2024,5.52920482733e-06,-5.25733732149,2024-10-21T11:00:00+00:00,18,primary,1440,1.00000000,2024-10-20T22:35:00+00:00,202410202228,C5.0,5.036e-06,-745,2024-10-20T22:35:00+00:00,202410202228,C5.0,5.036e-06,-745,false,false
test,2024-10-21T12:00:00+00:00,2024,4.74363878311e-06,-5.32388838888,2024-10-21T21:20:00+00:00,18,primary,1440,1.00000000,2024-10-20T22:35:00+00:00,202410202228,C5.0,5.036e-06,-805,2024-10-22T12:11:00+00:00,202410221204,C5.1,5.162e-06,891,false,false
